id,writer
interview_0001_001,George S. Barnard
interview_0002_001,Annie L. Bowman
interview_0003_001,Annie L. Bowman
interview_0004_001,Maude Cain
interview_0005_001,Maude Cain
interview_0006_001,Luther Clark
interview_0007_001,Victoria Coleman
interview_0008_001,Gertha Couric
interview_0009_001,Gertha Couric
interview_0010_001,Gertha Couric
interview_0011_001,Gertha Couric
interview_0012_001,Gertha Couric
interview_0013_001,Gertha Couric
interview_0014_001,Gertha Couric
interview_0015_001,Gertha Couric
interview_0016_001,Gertha Couric
interview_0017_001,Gertha Couric
interview_0018_001,Gertha Couric
interview_0019_001,Francois L. Diard
interview_0020_001,Noma Dobson
interview_0021_001,Charles M. Donigan
interview_0022_001,Lawrence F. Evans
interview_0023_001,Lawrence F. Evans
interview_0024_001,Lawrence F. Evans
interview_0025_001,Lawrence F. Evans
interview_0026_001,Lawrence F. Evans
interview_0027_001,Lawrence F. Evans
interview_0028_001,Covington Hall
interview_0029_001,Covington Hall
interview_0030_001,Covington Hall
interview_0031_001,Covington Hall
interview_0032_001,Woodrow Hand
interview_0033_001,Woodrow Hand
interview_0034_001,Edward F. Harper
interview_0035_001,Helen S. Hartley
interview_0036_001,Wilson L. Heflin
interview_0037_001,Wilson L. Heflin
interview_0038_001,Preston Klein
interview_0039_001,Jack Kytle
interview_0040_001,Jack Kytle
interview_0041_001,Jack Kytle
interview_0042_001,Jack Kytle
interview_0043_001,Jack Kytle
interview_0044_001,Jack Kytle
interview_0045_001,Jack Kytle
interview_0046_001,Jack Kytle
interview_0047_001,Jack Kytle
interview_0048_001,Jack Kytle
interview_0049_001,Jack Kytle
interview_0050_001,Jack Kytle
interview_0051_001,Nettie S. McDonald
interview_0052_001,Nettie S. McDonald
interview_0053_001,Nettie S. McDonald
interview_0054_001,Nettie S. McDonald
interview_0055_001,Nettie S. McDonald
interview_0056_001,Bennett Marshall
interview_0057_001,Susie R. O'Brien
interview_0058_001,Susie R. O'Brien
interview_0059_001,Rhussus L. Perry
interview_0060_001,Rhussus L. Perry
interview_0061_001,Rhussus L. Perry
interview_0062_001,Josephine Petterson
interview_0063_001,Ila B. Prine
interview_0064_001,Ila B. Prine
interview_0065_001,Ila B. Prine
interview_0066_001,Ila B. Prine
interview_0067_001,Ila B. Prine
interview_0068_001,Ila B. Prine
interview_0069_001,Marie Reese
interview_0070_001,Adelaide Rogers
interview_0071_001,Adelaide Rogers
interview_0072_001,Adelaide Rogers
interview_0073_001,Ruby Pickens Tartt
interview_0074_001,Ruby Pickens Tartt
interview_0075_001,Ruby Pickens Tartt
interview_0076_001,Ruby Pickens Tartt
interview_0077_001,R. V. Waldrep
interview_0078_001,R. V. Waldrep
interview_0079_001,R. V. Waldrep
interview_0080_001,R. V. Waldrep
interview_0081_001,R. V. Waldrep
interview_0082_001,R. V. Waldrep
interview_0083_001,R. V. Waldrep
interview_0084_001,R. V. Waldrep
interview_0085_001,R. V. Waldrep
interview_0086_001,R. V. Waldrep
interview_0087_001,R. V. Waldrep
interview_0088_001,Jennie Sue Williams
interview_0089_001,Jennie Sue Williams
interview_0090_001,Keane Williamson
interview_0091_001,Lawrence F. Evans
interview_0093_001,Ruby Pickens Tartt
interview_0094_001,Walter Rowland
interview_0095_001,Walter Rowland
interview_0097_001,Lindsay M. Bryan
interview_0098_001,Gladys Buck
interview_0099_001,Elvira E. Burnell
interview_0100_001,Elvira E. Burnell
interview_0101_001,Barbara Berry Dorsey
interview_0102_001,Barbara Berry Dorsey
interview_0103_001,Barbara Berry Dorsey
interview_0104_001,Barbara Berry Dorsey
interview_0105_001,Barbara Berry Dorsey
interview_0106_001,Barbara Berry Dorsey
interview_0107_001,Barbara Berry Dorsey
interview_0108_001,Barbara Berry Dorsey
interview_0109_001,Barbara Berry Dorsey
interview_0110_001,Barbara Berry Dorsey
interview_0111_001,Barbara Berry Dorsey
interview_0112_001,Paul Diggs
interview_0113_001,Paul Diggs
interview_0114_001,Paul Diggs
interview_0115_001,Paul Diggs
interview_0116_001,Paul Diggs
interview_0117_001,Bill Dowda
interview_0118_001,Veronica E. Huss
interview_0119_001,Veronica E. Huss
interview_0120_001,Stetson Kennedy
interview_0120_001,Veronica E. Huss
interview_0121_001,Stetson Kennedy
interview_0122_001,Stetson Kennedy
interview_0123_001,Stetson Kennedy
interview_0124_001,Stetson Kennedy
interview_0125_001,Stetson Kennedy
interview_0126_001,Rose Shepherd
interview_0127_001,Lillian Steadman
interview_0128_001,Lillian Steadman
interview_0129_001,Lillian Steadman
interview_0130_001,Lillian Steadman
interview_0131_001,Lillian Steadman
interview_0132_001,Lillian Steadman
interview_0133_001,Lillian Steadman
interview_0134_001,Lillian Steadman
interview_0135_001,F. Valdes
interview_0136_001,F. Valdes
interview_0137_001,F. Valdes
interview_0138_001,F. Valdes
interview_0139_001,Dorothy Wood
interview_0148_001,Morris Adams
interview_0149_001,A. G. Barie
interview_0150_001,A. G. Barie
interview_0151_001,A. G. Barie
interview_0152_001,A. G. Barie
interview_0153_001,Bessie Bonner
interview_0154_001,Leola T. Bradley
interview_0155_001,Leola T. Bradley
interview_0156_001,Leola T. Bradley
interview_0157_001,Leola T. Bradley
interview_0158_001,Leola T. Bradley
interview_0159_001,George Conway
interview_0160_001,Carry Fowler
interview_0161_001,Freda Ginsberg
interview_0162_001,Ina B. Hawkes
interview_0163_001,Ina B. Hawkes
interview_0164_001,Sadie B. Hornsby
interview_0165_001,Sadie B. Hornsby
interview_0166_001,Sadie B. Hornsby
interview_0167_001,Sadie B. Hornsby
interview_0168_001,Sadie B. Hornsby
interview_0169_001,Sadie B. Hornsby
interview_0170_001,Sadie B. Hornsby
interview_0171_001,Sadie B. Hornsby
interview_0172_001,Sadie B. Hornsby
interview_0173_001,Sadie B. Hornsby
interview_0174_001,Sadie B. Hornsby
interview_0175_001,Sadie B. Hornsby
interview_0176_001,Sadie B. Hornsby
interview_0177_001,Sadie B. Hornsby
interview_0178_001,Sadie B. Hornsby
interview_0179_001,Sadie B. Hornsby
interview_0180_001,Sadie B. Hornsby
interview_0181_001,Sadie B. Hornsby
interview_0182_001,Sadie B. Hornsby
interview_0183_001,Sadie B. Hornsby
interview_0184_001,Sadie B. Hornsby
interview_0185_001,Sadie B. Hornsby
interview_0186_001,Sadie B. Hornsby
interview_0187_001,Sadie B. Hornsby
interview_0188_001,Sadie B. Hornsby
interview_0189_001,Sadie B. Hornsby
interview_0190_001,Sadie B. Hornsby
interview_0191_001,Sadie B. Hornsby
interview_0192_001,Sadie B. Hornsby
interview_0193_001,Sadie B. Hornsby
interview_0194_001,Sadie B. Hornsby
interview_0195_001,Sadie B. Hornsby
interview_0196_001,Sadie B. Hornsby
interview_0197_001,Sadie B. Hornsby
interview_0198_001,Sadie B. Hornsby
interview_0199_001,Sadie B. Hornsby
interview_0200_001,Sadie B. Hornsby
interview_0201_001,Sadie B. Hornsby
interview_0202_001,William Jenkins
interview_0203_001,Grace McCune
interview_0204_001,Grace McCune
interview_0205_001,Grace McCune
interview_0206_001,Grace McCune
interview_0207_001,Grace McCune
interview_0208_001,Grace McCune
interview_0209_001,Grace McCune
interview_0210_001,Grace McCune
interview_0211_001,Grace McCune
interview_0212_001,Grace McCune
interview_0213_001,Grace McCune
interview_0214_001,Grace McCune
interview_0215_001,Grace McCune
interview_0216_001,Grace McCune
interview_0217_001,Grace McCune
interview_0218_001,Grace McCune
interview_0219_001,Grace McCune
interview_0220_001,Grace McCune
interview_0221_001,Grace McCune
interview_0222_001,Grace McCune
interview_0223_001,Grace McCune
interview_0224_001,Grace McCune
interview_0225_001,Grace McCune
interview_0226_001,Grace McCune
interview_0227_001,Grace McCune
interview_0228_001,Grace McCune
interview_0229_001,Grace McCune
interview_0230_001,Grace McCune
interview_0231_001,Grace McCune
interview_0232_001,Grace McCune
interview_0233_001,Grace McCune
interview_0234_001,Grace McCune
interview_0235_001,Grace McCune
interview_0236_001,Covington Hall
interview_0236_001,Grace McCune
interview_0237_001,Grace McCune
interview_0238_001,Grace McCune
interview_0239_001,Grace McCune
interview_0239_001,N. C. Browder
interview_0240_001,W. Philips
interview_0241_001,A. G. Barie
interview_0241_001,M. D. Rice
interview_0241_001,N. C. Browder
interview_0242_001,Annie A. Rose
interview_0243_001,Annie A. Rose
interview_0244_001,Annie A. Rose
interview_0245_001,Annie A. Rose
interview_0246_001,Annie A. Rose
interview_0247_001,Annie A. Rose
interview_0248_001,Maurice Russell
interview_0249_001,Maurice Russell
interview_0250_001,Maurice Russell
interview_0251_001,Maurice Russell
interview_0252_001,Gerald Chan Sieg
interview_0253_001,Virginia Thorpe
interview_0254_001,Geneva Tonsill
interview_0255_001,Geneva Tonsill
interview_0256_001,Geneva Tonsill
interview_0257_001,Geneva Tonsill
interview_0258_001,Geneva Tonsill
interview_0259_001,Geneva Tonsill
interview_0260_001,Geneva Tonsill
interview_0261_001,Geneva Tonsill
interview_0262_001,Jacques Upshaw
interview_0263_001,Jacques Upshaw
interview_0264_001,Mary Vining
interview_0270_001,Hazel Breaux
interview_0271_001,Robert McKinney
interview_0272_001,Robert McKinney
interview_0274_001,Louise L. Abbitt
interview_0275_001,Louise L. Abbitt
interview_0276_001,Louise L. Abbitt
interview_0277_001,John H. Abner
interview_0278_001,John H. Abner
interview_0279_001,Edwin Massengill
interview_0279_001,John H. Abner
interview_0280_001,John H. Abner
interview_0281_001,John H. Abner
interview_0282_001,John H. Abner
interview_0283_001,John H. Abner
interview_0284_001,John H. Abner
interview_0285_001,George Anderson
interview_0286_001,Loretto C. Bailey
interview_0287_001,James S. Beaman
interview_0288_001,James S. Beaman
interview_0289_001,James S. Beaman
interview_0290_001,James S. Beaman
interview_0291_001,Cora Bennett
interview_0292_001,Cora Bennett
interview_0293_001,Cora Bennett
interview_0294_001,Cora Bennett
interview_0295_001,Cora Bennett
interview_0296_001,Cora Bennett
interview_0297_001,Cora Bennett
interview_0298_001,Cora Bennett
interview_0299_001,Edwin Bjorkman
interview_0300_001,Emmett R. Brown
interview_0301_001,Mary Pearl Brown
interview_0302_001,Emmett R. Brown
interview_0303_001,Mary Pearl Brown
interview_0304_001,Mary Pearl Brown
interview_0305_001,Mary Pearl Brown
interview_0306_001,Emmett R. Brown
interview_0307_001,Emmett R. Brown
interview_0308_001,Emmett R. Brown
interview_0309_001,Beth Cannady
interview_0310_001,Beth Cannady
interview_0311_001,Beth Cannady
interview_0312_001,Douglas Carter
interview_0313_001,Douglas Carter
interview_0314_001,Douglas Carter
interview_0315_001,Douglas Carter
interview_0316_001,Douglas Carter
interview_0317_001,Douglas Carter
interview_0318_001,Douglas Carter
interview_0319_001,Douglas Carter
interview_0320_001,Douglas Carter
interview_0321_001,Pitts Cobb
interview_0322_001,Pitts Cobb
interview_0323_001,Stanley Combs
interview_0324_001,Stanley Combs
interview_0325_001,Stanley Combs
interview_0326_001,Stanley Combs
interview_0327_001,Stanley Combs
interview_0328_001,Stanley Combs
interview_0329_001,Stanley Combs
interview_0330_001,Stanley Combs
interview_0331_001,Harriet W. Corley
interview_0332_001,Harriet W. Corley
interview_0333_001,Dudley W. Crawford
interview_0334_001,Henry L. Crowell
interview_0335_001,Omar Darrow
interview_0336_001,Omar Darrow
interview_0337_001,Omar Darrow
interview_0338_001,Omar Darrow
interview_0339_001,Omar Darrow
interview_0340_001,Omar Darrow
interview_0341_001,Omar Darrow
interview_0342_001,Omar Darrow
interview_0343_001,Ethel Deal
interview_0344_001,Ethel Deal
interview_0345_001,Ethel Deal
interview_0346_001,Ethel Deal
interview_0347_001,Ethel Deal
interview_0348_001,Ethel Deal
interview_0349_001,Ethel Deal
interview_0350_001,Ethel Deal
interview_0351_001,Ethel Deal
interview_0352_001,Ethel Deal
interview_0353_001,Ethel Deal
interview_0354_001,Ethel Deal
interview_0355_001,Ethel Deal
interview_0356_001,Ethel Deal
interview_0357_001,Ethel Deal
interview_0358_001,Ethel Deal
interview_0359_001,Clalee Dunnagan
interview_0359_001,Claude V. Dunnagan
interview_0360_001,Clalee Dunnagan
interview_0360_001,Claude V. Dunnagan
interview_0361_001,Clalee Dunnagan
interview_0361_001,Esther Searle Pinnix
interview_0362_001,Clalee Dunnagan
interview_0362_001,Claude V. Dunnagan
interview_0363_001,Clalee Dunnagan
interview_0363_001,Claude V. Dunnagan
interview_0364_001,Clalee Dunnagan
interview_0365_001,Claude V. Dunnagan
interview_0366_001,Claude V. Dunnagan
interview_0367_001,Claude V. Dunnagan
interview_0368_001,Claude V. Dunnagan
interview_0369_001,Claude V. Dunnagan
interview_0370_001,Claude V. Dunnagan
interview_0371_001,Claude V. Dunnagan
interview_0372_001,Claude V. Dunnagan
interview_0373_001,Harry Fain
interview_0374_001,Harry Fain
interview_0375_001,Harry Fain
interview_0376_001,Harry Fain
interview_0377_001,Harry Fain
interview_0378_001,Harry Fain
interview_0379_001,William O. Foster
interview_0380_001,William O. Foster
interview_0381_001,William O. Foster
interview_0382_001,William O. Foster
interview_0383_001,William O. Foster
interview_0384_001,William O. Foster
interview_0385_001,William O. Foster
interview_0386_001,William O. Foster
interview_0387_001,William O. Foster
interview_0388_001,William O. Foster
interview_0389_001,William O. Foster
interview_0390_001,William O. Foster
interview_0391_001,William O. Foster
interview_0392_001,William O. Foster
interview_0393_001,William O. Foster
interview_0394_001,William O. Foster
interview_0395_001,William O. Foster
interview_0396_001,William O. Foster
interview_0397_001,William O. Foster
interview_0398_001,Anonymous
interview_0399_001,William O. Foster
interview_0400_001,William O. Foster
interview_0401_001,William O. Foster
interview_0402_001,William O. Foster
interview_0403_001,William O. Foster
interview_0404_001,William O. Foster
interview_0405_001,William O. Foster
interview_0406_001,William O. Foster
interview_0407_001,William O. Foster
interview_0408_001,William O. Foster
interview_0409_001,William O. Foster
interview_0410_001,William O. Foster
interview_0411_001,William O. Foster
interview_0412_001,William O. Foster
interview_0413_001,William O. Foster
interview_0414_001,William O. Foster
interview_0415_001,William O. Foster
interview_0416_001,Bernice Kelly Harris
interview_0417_001,Bernice Kelly Harris
interview_0418_001,Bernice Kelly Harris
interview_0419_001,Bernice Kelly Harris
interview_0420_001,Bernice Kelly Harris
interview_0421_001,Bernice Kelly Harris
interview_0422_001,Bernice Kelly Harris
interview_0423_001,Bernice Kelly Harris
interview_0424_001,Bernice Kelly Harris
interview_0425_001,Bernice Kelly Harris
interview_0426_001,Bernice Kelly Harris
interview_0427_001,Bernice Kelly Harris
interview_0428_001,Bernice Kelly Harris
interview_0429_001,Bernice Kelly Harris
interview_0430_001,Bernice Kelly Harris
interview_0431_001,Bernice Kelly Harris
interview_0432_001,Bernice Kelly Harris
interview_0433_001,Bernice Kelly Harris
interview_0434_001,Bernice Kelly Harris
interview_0435_001,Bernice Kelly Harris
interview_0436_001,Bernice Kelly Harris
interview_0437_001,Bernice Kelly Harris
interview_0438_001,Bernice Kelly Harris
interview_0439_001,Bernice Kelly Harris
interview_0440_001,Bernice Kelly Harris
interview_0441_001,Bernice Kelly Harris
interview_0442_001,Bernice Kelly Harris
interview_0443_001,Bernice Kelly Harris
interview_0444_001,Bernice Kelly Harris
interview_0445_001,Bernice Kelly Harris
interview_0446_001,Bernice Kelly Harris
interview_0447_001,Bernice Kelly Harris
interview_0448_001,Bernice Kelly Harris
interview_0449_001,Bernice Kelly Harris
interview_0450_001,Bernice Kelly Harris
interview_0451_001,Bernice Kelly Harris
interview_0452_001,Bernice Kelly Harris
interview_0453_001,Bernice Kelly Harris
interview_0454_001,Bernice Kelly Harris
interview_0455_001,Bernice Kelly Harris
interview_0456_001,Bernice Kelly Harris
interview_0457_001,Bernice Kelly Harris
interview_0458_001,Bernice Kelly Harris
interview_0459_001,Bernice Kelly Harris
interview_0460_001,Bernice Kelly Harris
interview_0461_001,Bernice Kelly Harris
interview_0462_001,Bernice Kelly Harris
interview_0463_001,Bernice Kelly Harris
interview_0464_001,Bernice Kelly Harris
interview_0465_001,Bernice Kelly Harris
interview_0466_001,Bernice Kelly Harris
interview_0467_001,Bernice Kelly Harris
interview_0468_001,Bernice Kelly Harris
interview_0469_001,Bernice Kelly Harris
interview_0470_001,Bernice Kelly Harris
interview_0471_001,Bernice Kelly Harris
interview_0472_001,Bernice Kelly Harris
interview_0473_001,Bernice Kelly Harris
interview_0474_001,Bernice Kelly Harris
interview_0475_001,Bernice Kelly Harris
interview_0476_001,Bernice Kelly Harris
interview_0477_001,Bernice Kelly Harris
interview_0478_001,Bernice Kelly Harris
interview_0479_001,Bernice Kelly Harris
interview_0480_001,Bernice Kelly Harris
interview_0481_001,Bernice Kelly Harris
interview_0482_001,Bernice Kelly Harris
interview_0483_001,Bernice Kelly Harris
interview_0484_001,Bernice Kelly Harris
interview_0485_001,Bernice Kelly Harris
interview_0486_001,Bernice Kelly Harris
interview_0487_001,Bernice Kelly Harris
interview_0488_001,Bernice Kelly Harris
interview_0489_001,Bernice Kelly Harris
interview_0490_001,Bernice Kelly Harris
interview_0491_001,Bernice Kelly Harris
interview_0492_001,Bernice Kelly Harris
interview_0493_001,Bernice Kelly Harris
interview_0494_001,Bernice Kelly Harris
interview_0495_001,Bernice Kelly Harris
interview_0496_001,Bernice Kelly Harris
interview_0497_001,Bernice Kelly Harris
interview_0498_001,Bernice Kelly Harris
interview_0499_001,Willis S. Harrison
interview_0500_001,Willis S. Harrison
interview_0501_001,Willis S. Harrison
interview_0502_001,Willis S. Harrison
interview_0503_001,Willis S. Harrison
interview_0504_001,Frances L. Harriss
interview_0505_001,Frances L. Harriss
interview_0506_001,Frances L. Harriss
interview_0507_001,Frances L. Harriss
interview_0508_001,Frances L. Harriss
interview_0508_001,Lucille Edwards
interview_0509_001,Frances L. Harriss
interview_0509_001,Lucille Edwards
interview_0510_001,Henry D. Hatch
interview_0511_001,Henry D. Hatch
interview_0512_001,William E. Hennessee
interview_0513_001,William E. Hennessee
interview_0514_001,William E. Hennessee
interview_0515_001,William E. Hennessee
interview_0516_001,Mary A. Hicks
interview_0517_001,Mary A. Hicks
interview_0518_001,Mary A. Hicks
interview_0519_001,Mary A. Hicks
interview_0520_001,Mary A. Hicks
interview_0521_001,Mary A. Hicks
interview_0522_001,Mary A. Hicks
interview_0523_001,Mary A. Hicks
interview_0524_001,Mary A. Hicks
interview_0525_001,Mary A. Hicks
interview_0526_001,Mary A. Hicks
interview_0527_001,Mary A. Hicks
interview_0528_001,Mary A. Hicks
interview_0529_001,Mary A. Hicks
interview_0530_001,Mary A. Hicks
interview_0531_001,Mary A. Hicks
interview_0532_001,Mary A. Hicks
interview_0533_001,Mary A. Hicks
interview_0534_001,Mary A. Hicks
interview_0535_001,Mary A. Hicks
interview_0536_001,Mary A. Hicks
interview_0537_001,Mary A. Hicks
interview_0538_001,Mary A. Hicks
interview_0539_001,Mary A. Hicks
interview_0540_001,Mary A. Hicks
interview_0541_001,Mary A. Hicks
interview_0542_001,Mary A. Hicks
interview_0543_001,Mary A. Hicks
interview_0544_001,Mary A. Hicks
interview_0545_001,Mary A. Hicks
interview_0546_001,Mary A. Hicks
interview_0547_001,Mary A. Hicks
interview_0548_001,Mary A. Hicks
interview_0549_001,Mary A. Hicks
interview_0550_001,Mary A. Hicks
interview_0551_001,Mary A. Hicks
interview_0552_001,Mary A. Hicks
interview_0553_001,Mary A. Hicks
interview_0554_001,Mary A. Hicks
interview_0555_001,Mary A. Hicks
interview_0556_001,Mary A. Hicks
interview_0557_001,Mary A. Hicks
interview_0558_001,Mary A. Hicks
interview_0559_001,Travis Jordan
interview_0560_001,Travis Jordan
interview_0561_001,Travis Jordan
interview_0562_001,Travis Jordan
interview_0563_001,Travis Jordan
interview_0564_001,Travis Jordan
interview_0565_001,Travis Jordan
interview_0566_001,Robert O. King
interview_0567_001,Robert O. King
interview_0568_001,Robert O. King
interview_0569_001,Robert O. King
interview_0570_001,Robert O. King
interview_0571_001,Robert O. King
interview_0572_001,Robert O. King
interview_0573_001,Robert O. King
interview_0574_001,Robert O. King
interview_0575_001,Robert O. King
interview_0576_001,Robert O. King
interview_0577_001,Robert O. King
interview_0578_001,Robert O. King
interview_0579_001,Robert O. King
interview_0580_001,Robert O. King
interview_0581_001,Robert O. King
interview_0582_001,Robert O. King
interview_0583_001,Robert O. King
interview_0584_001,Robert O. King
interview_0585_001,Robert O. King
interview_0586_001,A. W. Long
interview_0587_001,A. W. Long
interview_0588_001,A. W. Long
interview_0589_001,A. W. Long
interview_0590_001,A. W. Long
interview_0591_001,A. W. Long
interview_0592_001,A. W. Long
interview_0593_001,Luline L. Mabry
interview_0594_001,Luline L. Mabry
interview_0595_001,Luline L. Mabry
interview_0596_001,Luline L. Mabry
interview_0597_001,Luline L. Mabry
interview_0598_001,Luline L. Mabry
interview_0599_001,Luline L. Mabry
interview_0600_001,Luline L. Mabry
interview_0601_001,Luline L. Mabry
interview_0602_001,Frank Massimino
interview_0602_001,Luline L. Mabry
interview_0603_001,Frank Massimino
interview_0603_001,Luline L. Mabry
interview_0604_001,Claude V. Dunnagan
interview_0605_001,Frank Massimino
interview_0605_001,Luline L. Mabry
interview_0606_001,Edwin Massengill
interview_0607_001,Frank Massimino
interview_0608_001,Frank Massimino
interview_0609_001,Frank Massimino
interview_0610_001,Frank Massimino
interview_0611_001,Frank Massimino
interview_0612_001,Frank Massimino
interview_0613_001,Frank Massimino
interview_0614_001,Frank Massimino
interview_0615_001,Frank Massimino
interview_0616_001,Edwin Massengill
interview_0616_001,T. Pat Matthews
interview_0617_001,Edwin Massengill
interview_0617_001,T. Pat Matthews
interview_0618_001,T. Pat Matthews
interview_0619_001,Edwin Massengill
interview_0619_001,T. Pat Matthews
interview_0620_001,Edwin Massengill
interview_0620_001,T. Pat Matthews
interview_0621_001,Edwin Massengill
interview_0621_001,T. Pat Matthews
interview_0622_001,Edwin Massengill
interview_0622_001,T. Pat Matthews
interview_0623_001,Edwin Massengill
interview_0623_001,T. Pat Matthews
interview_0624_001,T. Pat Matthews
interview_0625_001,T. Pat Matthews
interview_0626_001,T. Pat Matthews
interview_0627_001,Frank H. McDonald
interview_0628_001,Frank H. McDonald
interview_0629_001,Harry McKee
interview_0630_001,Adyleen G. Merrick
interview_0631_001,Adyleen G. Merrick
interview_0632_001,Adyleen G. Merrick
interview_0633_001,Adyleen G. Merrick
interview_0634_001,Adyleen G. Merrick
interview_0635_001,Adyleen G. Merrick
interview_0636_001,Adyleen G. Merrick
interview_0637_001,Adyleen G. Merrick
interview_0638_001,Adyleen G. Merrick
interview_0639_001,Adyleen G. Merrick
interview_0640_001,Adyleen G. Merrick
interview_0641_001,Adyleen G. Merrick
interview_0642_001,Adyleen G. Merrick
interview_0643_001,Adyleen G. Merrick
interview_0644_001,Adyleen G. Merrick
interview_0645_001,Adyleen G. Merrick
interview_0646_001,Adyleen G. Merrick
interview_0647_001,Adyleen G. Merrick
interview_0648_001,Adyleen G. Merrick
interview_0649_001,Adyleen G. Merrick
interview_0650_001,Adyleen G. Merrick
interview_0651_001,Adyleen G. Merrick
interview_0652_001,Harold H. Miller
interview_0653_001,Ida L. Moore
interview_0654_001,Ida L. Moore
interview_0655_001,Ida L. Moore
interview_0656_001,Ida L. Moore
interview_0657_001,Ida L. Moore
interview_0658_001,Ida L. Moore
interview_0659_001,Ida L. Moore
interview_0660_001,Ida L. Moore
interview_0661_001,Ida L. Moore
interview_0662_001,Ida L. Moore
interview_0663_001,Ida L. Moore
interview_0664_001,Ida L. Moore
interview_0665_001,Ida L. Moore
interview_0666_001,Ida L. Moore
interview_0667_001,Ida L. Moore
interview_0668_001,Ida L. Moore
interview_0669_001,Ida L. Moore
interview_0670_001,Ida L. Moore
interview_0671_001,Ida L. Moore
interview_0672_001,Ida L. Moore
interview_0673_001,Ida L. Moore
interview_0674_001,Ida L. Moore
interview_0675_001,Ida L. Moore
interview_0676_001,Ida L. Moore
interview_0677_001,Ida L. Moore
interview_0678_001,Ida L. Moore
interview_0679_001,Ida L. Moore
interview_0680_001,Ida L. Moore
interview_0681_001,Albert North
interview_0682_001,Mary Northrop
interview_0683_001,Mary Northrop
interview_0684_001,Frank L. Overton
interview_0685_001,John Palmer
interview_0686_001,Katherine Palmer
interview_0687_001,Katherine Palmer
interview_0688_001,Katherine Palmer
interview_0689_001,Katherine Palmer
interview_0690_001,James Larkin Pearson
interview_0691_001,James Larkin Pearson
interview_0692_001,James Larkin Pearson
interview_0693_001,Mary M. Philips
interview_0694_001,Mary M. Philips
interview_0695_001,Mary M. Philips
interview_0696_001,Mary M. Philips
interview_0697_001,Mary M. Philips
interview_0698_001,Esther Searle Pinnix
interview_0699_001,Leonard Rapport
interview_0700_001,Leonard Rapport
interview_0701_001,Leonard Rapport
interview_0702_001,Leonard Rapport
interview_0703_001,Leonard Rapport
interview_0704_001,Leonard Rapport
interview_0705_001,Leonard Rapport
interview_0706_001,Leonard Rapport
interview_0707_001,Leonard Rapport
interview_0708_001,Leonard Rapport
interview_0709_001,Ruth L. Riddick
interview_0710_001,Ruth L. Riddick
interview_0711_001,Nancy T. Robinson
interview_0712_001,Nancy T. Robinson
interview_0713_001,Nancy T. Robinson
interview_0714_001,Nancy T. Robinson
interview_0715_001,Nancy T. Robinson
interview_0716_001,Nancy T. Robinson
interview_0717_001,Nancy T. Robinson
interview_0718_001,Nancy T. Robinson
interview_0719_001,Anna Belle W. Rogerson
interview_0720_001,William J. Sadler
interview_0721_001,W. O. Saunders
interview_0722_001,W. O. Saunders
interview_0723_001,W. O. Saunders
interview_0724_001,W. O. Saunders
interview_0725_001,W. O. Saunders
interview_0726_001,W. O. Saunders
interview_0727_001,W. O. Saunders
interview_0728_001,W. O. Saunders
interview_0729_001,W. O. Saunders
interview_0730_001,W. O. Saunders
interview_0731_001,W. O. Saunders
interview_0732_001,W. O. Saunders
interview_0733_001,W. O. Saunders
interview_0734_001,W. O. Saunders
interview_0735_001,W. O. Saunders
interview_0736_001,W. O. Saunders
interview_0737_001,W. O. Saunders
interview_0738_001,W. O. Saunders
interview_0739_001,W. O. Saunders
interview_0740_001,W. O. Saunders
interview_0741_001,W. O. Saunders
interview_0742_001,W. B. Sedberry
interview_0743_001,W. B. Sedberry
interview_0744_001,W. B. Sedberry
interview_0745_001,W. B. Sedberry
interview_0746_001,W. B. Sedberry
interview_0747_001,W. B. Sedberry
interview_0748_001,Anne Winn Stevens
interview_0749_001,Anne Winn Stevens
interview_0750_001,Anne Winn Stevens
interview_0751_001,Anne Winn Stevens
interview_0752_001,Anne Winn Stevens
interview_0753_001,Anne Winn Stevens
interview_0754_001,Anne Winn Stevens
interview_0755_001,Anne Winn Stevens
interview_0756_001,Anne Winn Stevens
interview_0757_001,Anne Winn Stevens
interview_0758_001,Anne Winn Stevens
interview_0759_001,Anne Winn Stevens
interview_0760_001,Anne Winn Stevens
interview_0761_001,Anne Winn Stevens
interview_0762_001,Anne Winn Stevens
interview_0763_001,Anne Winn Stevens
interview_0764_001,Anne Winn Stevens
interview_0765_001,H. O. Summey
interview_0766_001,Christine Taylor
interview_0767_001,Christine Taylor
interview_0768_001,Christine Taylor
interview_0769_001,Christine Taylor
interview_0770_001,William L. Vaughan
interview_0771_001,William L. Vaughan
interview_0772_001,William L. Vaughan
interview_0773_001,William L. Vaughan
interview_0774_001,William L. Vaughan
interview_0775_001,William L. Vaughan
interview_0776_001,Robert V. Williams
interview_0777_001,Robert V. Williams
interview_0778_001,Robert V. Williams
interview_0780_001,Mary P. Wilson
interview_0781_001,Mary P. Wilson
interview_0782_001,Mary P. Wilson
interview_0783_001,Mary P. Wilson
interview_0784_001,Mary P. Wilson
interview_0785_001,Mary P. Wilson
interview_0786_001,Mary P. Wilson
interview_0787_001,Mary P. Wilson
interview_0788_001,Mary P. Wilson
interview_0789_001,Muriel L. Wolff
interview_0790_001,Muriel L. Wolff
interview_0791_001,Muriel L. Wolff
interview_0792_001,Muriel L. Wolff
interview_0793_001,Muriel L. Wolff
interview_0794_001,Muriel L. Wolff
interview_0795_001,Muriel L. Wolff
interview_0796_001,Muriel L. Wolff
interview_0797_001,Muriel L. Wolff
interview_0798_001,Muriel L. Wolff
interview_0799_001,Muriel L. Wolff
interview_0800_001,Muriel L. Wolff
interview_0801_001,Muriel L. Wolff
interview_0802_001,Muriel L. Wolff
interview_0803_001,Muriel L. Wolff
interview_0804_001,Muriel L. Wolff
interview_0805_001,Muriel L. Wolff
interview_0806_001,Muriel L. Wolff
interview_0812_001,Ned DeWitt
interview_0813_001,Ned DeWitt
interview_0814_001,Daniel M. Garrison
interview_0815_001,Daniel M. Garrison
interview_0816_001,Daniel M. Garrison
interview_0817_001,Jim Thompson
interview_0818_001,Ned DeWitt
interview_0819_001,Ned DeWitt
interview_0820_001,Ned DeWitt
interview_0821_001,Ned DeWitt
interview_0822_001,Ned DeWitt
interview_0823_001,Welborn Hope
interview_0824_001,Welborn Hope
interview_0825_001,Ned DeWitt
interview_0826_001,Daniel M. Garrison
interview_0827_001,F. Donald Atwell
interview_0828_001,F. Donald Atwell
interview_0829_001,F. Donald Atwell
interview_0830_001,F. Donald Atwell
interview_0831_001,L. E. Cogburn
interview_0832_001,L. E. Cogburn
interview_0833_001,L. E. Cogburn
interview_0834_001,Annie Ruth Davis
interview_0835_001,Annie Ruth Davis
interview_0836_001,Annie Ruth Davis
interview_0837_001,Annie Ruth Davis
interview_0838_001,Annie Ruth Davis
interview_0839_001,Annie Ruth Davis
interview_0840_001,Annie Ruth Davis
interview_0841_001,Annie Ruth Davis
interview_0842_001,Annie Ruth Davis
interview_0843_001,Annie Ruth Davis
interview_0844_001,W. W. Dixon
interview_0845_001,W. W. Dixon
interview_0846_001,W. W. Dixon
interview_0847_001,W. W. Dixon
interview_0848_001,W. W. Dixon
interview_0849_001,W. W. Dixon
interview_0850_001,W. W. Dixon
interview_0851_001,W. W. Dixon
interview_0852_001,W. W. Dixon
interview_0853_001,W. W. Dixon
interview_0854_001,W. W. Dixon
interview_0855_001,W. W. Dixon
interview_0856_001,W. W. Dixon
interview_0857_001,John L. Dove
interview_0858_001,John P. Farmer
interview_0859_001,Ruth D. Henderson
interview_0860_001,Mattie T. Jones
interview_0861_001,Mattie T. Jones
interview_0862_001,Mattie T. Jones
interview_0863_001,Mattie T. Jones
interview_0864_001,Mattie T. Jones
interview_0865_001,Mattie T. Jones
interview_0866_001,Mattie T. Jones
interview_0867_001,E. Fronde Kennedy
interview_0868_001,Verner Lea
interview_0869_001,Verner Lea
interview_0870_001,Verner Lea
interview_0871_001,Verner Lea
interview_0872_001,A. W. Long
interview_0873_001,Muriel A. Mann
interview_0874_001,Chlotilde R. Martin
interview_0875_001,Chlotilde R. Martin
interview_0876_001,Chlotilde R. Martin
interview_0877_001,Chlotilde R. Martin
interview_0878_001,Chlotilde R. Martin
interview_0879_001,David A. Matthewes
interview_0880_001,David A. Matthewes
interview_0881_001,Ida L. Moore
interview_0882_001,Ida L. Moore
interview_0883_001,Ida L. Moore
interview_0884_001,Ida L. Moore
interview_0885_001,Ida L. Moore
interview_0886_001,Ida L. Moore
interview_0887_001,Ida L. Moore
interview_0888_001,Chalmers S. Murray
interview_0889_001,Chalmers S. Murray
interview_0890_001,Chalmers S. Murray
interview_0891_001,Chalmers S. Murray
interview_0892_001,Chalmers S. Murray
interview_0893_001,Chalmers S. Murray
interview_0894_001,G. A. M.
interview_0895_001,Stiles M. Scruggs
interview_0896_001,Helen Shuler
interview_0897_001,Helen Shuler
interview_0898_001,Helen Shuler
interview_0899_001,Helen Shuler
interview_0900_001,Caldwell Sims
interview_0901_001,Caldwell Sims
interview_0902_001,Elmer Turnage
interview_0903_001,Elmer Turnage
interview_0904_001,Elmer Turnage
interview_0905_001,Elmer Turnage
interview_0906_001,Margaret Wilkinson
interview_0907_001,Rose D. Workman
interview_0908_001,Rose D. Workman
interview_0909_001,Rose D. Workman
interview_0910_001,Rose D. Workman
interview_0911_001,Rose D. Workman
interview_0912_001,Rose D. Workman
interview_0913_001,Rose D. Workman
interview_0914_001,Rose D. Workman
interview_0915_001,Rose D. Workman
interview_0916_001,Robert V. Williams
interview_0917_001,Robert V. Williams
interview_0918_001,Robert V. Williams
interview_0919_001,Robert V. Williams
interview_0920_001,Robert V. Williams
interview_0921_001,Phoebe Faucette
interview_0922_001,Phoebe Faucette
interview_0923_001,Phoebe Faucette
interview_0924_001,G. P. Smith
interview_0925_001,Lucy G. Platt
interview_0929_001,James Aswell
interview_0930_001,James Aswell
interview_0931_001,James Aswell
interview_0932_001,L. Agee
interview_0933_001,Ruth Clark
interview_0934_001,Ruth Clark
interview_0935_001,Ruth Clark
interview_0936_001,Ruth Clark
interview_0937_001,Ruth Clark
interview_0938_001,Ruth Clark
interview_0939_001,Ruth Clark
interview_0940_001,Ruth Clark
interview_0941_001,Ruth Clark
interview_0942_001,Ruth Clark
interview_0943_001,Ruth Clark
interview_0945_001,Jeannette Edwards
interview_0946_001,Ruth Foster
interview_0947_001,Ray R. Humphries
interview_0948_001,Lillian Love
interview_0949_001,Lillian Love
interview_0950_001,Lillian Love
interview_0951_001,Lillian Love
interview_0952_001,E. E. Miller
interview_0953_001,W. M.
interview_0954_001,Dean Newman
interview_0955_001,Dean Newman
interview_0956_001,Dean Newman
interview_0957_001,Dean Newman
interview_0958_001,Dean Newman
interview_0959_001,Dean Newman
interview_0960_001,Nellie Gray Toler
interview_0961_001,Nellie Gray Toler
interview_0962_001,Nellie Gray Toler
interview_0963_001,Nellie Gray Toler
interview_0964_001,Nellie Gray Toler
interview_0965_001,Nellie Gray Toler
interview_0966_001,Nellie Gray Toler
interview_0967_001,Nellie Gray Toler
interview_0968_001,Nellie Gray Toler
interview_0969_001,Nellie Gray Toler
interview_0970_001,Nellie Gray Toler
interview_0971_001,Nellie Gray Toler
interview_0972_001,Nellie Gray Toler
interview_0973_001,Nellie Gray Toler
interview_0974_001,Nellie Gray Toler
interview_0975_001,Della Yoe
interview_0976_001,Della Yoe
interview_0977_001,Della Yoe
interview_0978_001,Della Yoe
interview_0979_001,Della Yoe
interview_0980_001,Della Yoe
interview_0981_001,Della Yoe
interview_0982_001,Della Yoe
interview_0983_001,Della Yoe
interview_0984_001,Della Yoe
interview_0985_001,Della Yoe
interview_0986_001,Anne Davidson
interview_0987_001,Margaret Jeffries
interview_0988_001,Pearl Morrissett
interview_0989_001,Pearl Morrissett
interview_0990_001,Essie Smith
interview_0991_001,Mary S. Venable
interview_0993_001,Kate Warren Hayden
interview_0995_001,Benjamin D. Baker
interview_0996_001,Rhussus L. Perry
interview_0996_010,Susie R. O'Brien
interview_0996_018,Annie L. Bowman
interview_0997_001,Rose Shepherd
interview_0998_001,Rose Shepherd
interview_0998_007,Rose Shepherd
interview_0998_010,Rose Shepherd
interview_0999_001,Rose Shepherd
interview_0999_006,Rose Shepherd
interview_0999_025,Rose Shepherd
interview_1000_001,Rose Shepherd
interview_1000_008,Rose Shepherd
interview_1000_015,Rose Shepherd
interview_1001_001,Rose Shepherd
interview_1001_003,Rose Shepherd
interview_1001_006,Rose Shepherd
interview_1001_009,Rose Shepherd
interview_1001_013,Rose Shepherd
interview_1002_001,Rose Shepherd
interview_1002_028,Rose Shepherd
interview_1002_034,Rose Shepherd
interview_1002_041,Rose Shepherd
interview_1003_001,Rose Shepherd
interview_1003_005,Rose Shepherd
interview_1004_001,Rose Shepherd
interview_1004_004,Rose Shepherd
interview_1004_007,Rose Shepherd
interview_1004_010,Rose Shepherd
interview_1004_026,Rose Shepherd
interview_1005_001,Rose Shepherd
interview_1005_010,Rose Shepherd
interview_1006_001,Rose Shepherd
interview_1006_014,Rose Shepherd
interview_1007_001,Rose Shepherd
interview_1007_004,Rose Shepherd
interview_1008_001,Rose Shepherd
interview_1008_004,Rose Shepherd
interview_1008_014,Lillian Steadman
interview_1009_001,Susan Clark
interview_1009_014,Susan Clark
interview_1009_020,Susan Clark
interview_1010_001,Cora Mae Taylor
interview_1010_015,Mabel B. Francis
interview_1010_029,Mabel B. Francis
interview_1011_001,Cora Mae Taylor
interview_1011_010,Cora Mae Taylor
interview_1011_017,Cora Mae Taylor
interview_1012_001,Cora Mae Taylor
interview_1012_012,Cora Mae Taylor
interview_1012_022,Cora Mae Taylor
interview_1012_031,Cora Mae Taylor
interview_1013_001,Bertha R. Comstock
interview_1013_011,Barbara Berry Dorsey
interview_1013_025,Barbara Berry Dorsey
interview_1013_033,Barbara Berry Dorsey
interview_1013_047,Barbara Berry Dorsey
interview_1013_057,Barbara Berry Dorsey
interview_1014_001,Elvira E. Burnell
interview_1014_027,Gladys Buck
interview_1014_033,Elvira E. Burnell
interview_1015_001,Veronica E. Huss
interview_1015_008,Walter A. DeLamater
interview_1015_022,Walter A. DeLamater
interview_1016_001,Alberta Johnson
interview_1016_008,Alberta Johnson
interview_1017_001,Rose Shepherd
interview_1017_010,Rose Shepherd
interview_1017_026,Dorothy Wood
interview_1017_038,Alberta Johnson
interview_1017_044,Rose Shepherd
interview_1018_001,Carry Fowler
interview_1018_009,Carry Fowler
interview_1019_001,Sadie B. Hornsby
interview_1020_001,Grace McCune
interview_1020_009,Grace McCune
interview_1021_001,Jeanne deLevigne Scott
interview_1021_011,Jeanne deLevigne Scott
interview_1021_023,Jeanne deLevigne Scott
interview_1021_032,Jeanne deLevigne Scott
interview_1022_001,Jeanne deLevigne Scott
interview_1022_056,Jeanne deLevigne Scott
interview_1022_061,Jeanne deLevigne Scott
interview_1023_001,Robert McKinney
interview_1023_010,Robert McKinney
interview_1023_019,Robert McKinney
interview_1023_025,Robert McKinney
interview_1023_032,Robert McKinney
interview_1024_001,Robert McKinney
interview_1024_005,Robert McKinney
interview_1024_020,Robert McKinney
interview_1024_032,Robert McKinney
interview_1025_001,Robert McKinney
interview_1025_012,Robert McKinney
interview_1025_025,Robert McKinney
interview_1026_001,Robert McKinney
interview_1026_007,Robert McKinney
interview_1026_010,Robert McKinney
interview_1027_001,Ida L. Moore
interview_1027_007,Ida L. Moore
interview_1027_014,Ida L. Moore
interview_1027_023,Ida L. Moore
interview_1027_031,Ida L. Moore
interview_1027_035,Ida L. Moore
interview_1027_041,Ida L. Moore
interview_1027_045,Ida L. Moore
interview_1027_054,Ida L. Moore
interview_1027_072,Ida L. Moore
interview_1027_077,Ida L. Moore
interview_1027_082,Ida L. Moore
interview_1027_093,Ida L. Moore
interview_1027_101,Ida L. Moore
interview_1027_112,Ida L. Moore
interview_1027_118,Ida L. Moore
interview_1028_001,William O. Foster
interview_1028_009,William O. Foster
interview_1028_018,William O. Foster
interview_1028_032,Bernice Kelly Harris
interview_1028_048,Bernice Kelly Harris
interview_1028_067,Luline L. Mabry
interview_1030_009,Douglas Carter
interview_1030_012,Douglas Carter
interview_1030_016,Douglas Carter
interview_1031_001,Dudley W. Crawford
interview_1031_013,Dudley W. Crawford
interview_1031_019,Dudley W. Crawford
interview_1031_025,Dudley W. Crawford
interview_1031_031,Dudley W. Crawford
interview_1031_036,Dudley W. Crawford
interview_1031_041,Dudley W. Crawford
interview_1031_047,Frank B. Rupert
interview_1031_051,Frank B. Rupert
interview_1031_054,Frank B. Rupert
interview_1031_056,Frank B. Rupert
interview_1031_059,Frank B. Rupert
interview_1031_062,Frank B. Rupert
interview_1032_001,Robert W. Holmes
interview_1032_004,W. O. Saunders
interview_1032_006,W. O. Saunders
interview_1032_009,W. O. Saunders
interview_1032_023,W. O. Saunders
interview_1032_030,Joseph H. Speak
interview_1033_008,Mary A. Hicks
interview_1033_012,Mary A. Hicks
interview_1033_015,Mary A. Hicks
interview_1033_018,Mary A. Hicks
interview_1033_022,Mary A. Hicks
interview_1033_032,Mary A. Hicks
interview_1033_034,Mary A. Hicks
interview_1033_037,Mary A. Hicks
interview_1034_001,Frances L. Harriss
interview_1034_004,Frances L. Harriss
interview_1034_007,Frances L. Harriss
interview_1034_009,Frances L. Harriss
interview_1034_009,Lucille Edwards
interview_1034_012,Frances L. Harriss
interview_1034_012,Lucille Edwards
interview_1034_015,Frances L. Harriss
interview_1034_015,Maurice Haskett
interview_1034_020,Frances L. Harriss
interview_1034_020,Maurice Haskett
interview_1034_026,Frances L. Harriss
interview_1034_026,Grayson Peschau
interview_1034_028,Grayson Peschau
interview_1034_028,Maurice Haskett
interview_1034_031,Grayson Peschau
interview_1034_031,Maurice Haskett
interview_1034_035,Grayson Peschau
interview_1034_035,Maurice Haskett
interview_1035_001,Sidney F. Jones
interview_1036_001,F. Donald Atwell
interview_1036_012,F. Donald Atwell
interview_1036_018,F. Donald Atwell
interview_1036_028,F. Donald Atwell
interview_1037_001,L. E. Cogburn
interview_1037_015,L. E. Cogburn
interview_1038_001,Annie Ruth Davis
interview_1038_011,Annie Ruth Davis
interview_1038_027,Annie Ruth Davis
interview_1038_036,Annie Ruth Davis
interview_1038_049,Annie Ruth Davis
interview_1039_001,W. W. Dixon
interview_1039_009,W. W. Dixon
interview_1039_021,W. W. Dixon
interview_1039_031,W. W. Dixon
interview_1039_039,W. W. Dixon
interview_1040_001,John L. Dove
interview_1040_011,John L. Dove
interview_1040_022,John L. Dove
interview_1040_031,John L. Dove
interview_1040_042,John L. Dove
interview_1040_052,John L. Dove
interview_1040_069,John L. Dove
interview_1041_001,John P. Farmer
interview_1042_001,John P. Farmer
interview_1043_001,Lucile Clarke Ford
interview_1043_015,Lucile Clarke Ford
interview_1043_025,Lucile Clarke Ford
interview_1044_001,Ruth D. Henderson
interview_1044_018,Mattie T. Jones
interview_1044_030,Mattie T. Jones
interview_1044_038,Mattie T. Jones
interview_1044_057,Mattie T. Jones
interview_1044_072,Mattie T. Jones
interview_1044_083,Mattie T. Jones
interview_1045_001,Verner Lea
interview_1045_009,Verner Lea
interview_1045_016,Verner Lea
interview_1045_026,Verner Lea
interview_1045_037,Verner Lea
interview_1046_001,Muriel A. Mann
interview_1046_010,Muriel A. Mann
interview_1046_022,Chalmers S. Murray
interview_1046_039,Muriel A. Mann
interview_1047_001,Chalmers S. Murray
interview_1047_023,Stiles M. Scruggs
interview_1047_031,Stiles M. Scruggs
interview_1047_038,D. A. Russell
interview_1047_046,D. A. Russell
interview_1048_001,Stiles M. Scruggs
interview_1048_009,Stiles M. Scruggs
interview_1048_016,Stiles M. Scruggs
interview_1048_028,Stiles M. Scruggs
interview_1048_038,Stiles M. Scruggs
interview_1049_001,Helen Shuler
interview_1049_007,Helen Shuler
interview_1049_019,Helen Shuler
interview_1049_027,Helen Shuler
interview_1049_033,Helen Shuler
interview_1050_001,Caldwell Sims
interview_1050_005,Caldwell Sims
interview_1050_017,Caldwell Sims
interview_1050_027,Bess Long Wilburn
interview_1050_027,Caldwell Sims
interview_1051_001,G. Leland Summer
interview_1051_006,G. Leland Summer
interview_1051_014,G. Leland Summer
interview_1051_020,G. Leland Summer
interview_1051_029,G. Leland Summer
interview_1051_037,G. Leland Summer
interview_1052_001,Charles A. Von Ohsen
interview_1052_007,Charles A. Von Ohsen
interview_1052_014,Charles A. Von Ohsen
interview_1053_001,Robert V. Williams
interview_1053_008,Margaret Wilkinson
interview_1054_001,W. W. Dixon
interview_1054_008,W. W. Dixon
interview_1054_014,W. W. Dixon
interview_1054_021,W. W. Dixon
interview_1054_025,W. W. Dixon
interview_1054_031,W. W. Dixon
interview_1054_035,W. W. Dixon
interview_1054_040,W. W. Dixon
interview_1054_053,W. W. Dixon
interview_1055_001,W. W. Dixon
interview_1055_007,W. W. Dixon
interview_1055_012,W. W. Dixon
interview_1055_017,W. W. Dixon
